Titulo,Calificacion,Precio
Este dolor no es mío. Identifica y resuelve los traumas familiares heredados,4.7 de 5 estrellas,295.0
Hábitos Atómicos,4.8 de 5 estrellas,399.0
Rebelión en la granja,4.8 de 5 estrellas,40.0
"Amazon Basics - Cuaderno clásico, 240 páginas, tapa dura, 5 x 8.25 pulgadas, páginas rayadas de línea",4.8 de 5 estrellas,485.0
"Amazon Basics - Libro de pedidos de venta grande, 2 piezas, sin carbono, 5 libros",4.7 de 5 estrellas,218.68
"AmazonBasics, Libreta 12,7 x 20,3 cm, Rayado Estrecho, Papel Rosa, Orquídea y Azul, Paquete de 6",4.7 de 5 estrellas,216.75
"AmazonCommercial Guest Check, libro de una sola pieza, paquete de 10, rosa, 3.4 x 6.7 pulgadas",4.7 de 5 estrellas,975.90
Lewis Carrol. Alicia en El País de las Maravillas - a Través del Espejo - El Juego de la Lógica,4.8 de 5 estrellas,239.0
El Libro de la Psicología (the Psychology Book),4.8 de 5 estrellas,361.14
1984,4.8 de 5 estrellas,126.75
La Biblioteca De La Medianoche,4.7 de 5 estrellas,298.0
El gran corruptor,4.0 de 5 estrellas,299.0
Cómo hacer que te pasen cosas buenas TD Nueva edición,4.8 de 5 estrellas,398.0
Moby Dick,4.3 de 5 estrellas,239.0
Antes de que se enfríe el café,4.4 de 5 estrellas,249.0
SAPIENS - Edición en Español (Pasta Blanda),4.8 de 5 estrellas,287.10
EL GATO QUE BUSCABA UN NOMBRE,4.9 de 5 estrellas,224.25
Deja De Ser Tú: La mente crea la realidad,4.8 de 5 estrellas,314.0
Piense Y Hagase Rico,4.7 de 5 estrellas,197.91
"La Vida Secreta de la Mente/The Secret Life of the Mind: How Your Brain Thinks, Feels, and Decides: Nuestro Cerebro Cuando Decidimos, Sentimos Y Pensamos",4.6 de 5 estrellas,323.10
El gato que ven#a del cielo,4.7 de 5 estrellas,129.0
Salvar el fuego (Pasta Blanda),4.8 de 5 estrellas,314.30
El monje que vendió su Ferrari,4.8 de 5 estrellas,269.10
DEL OTRO LADO,4.6 de 5 estrellas,188.30
La canción de Aquiles,4.8 de 5 estrellas,254.0
El Arte de Pensar,4.7 de 5 estrellas,77.60
"Muchas vidas, muchos maestros",4.7 de 5 estrellas,242.10
La revolución de la glucosa,4.8 de 5 estrellas,248.0
"Siete maridos de Evelyn Lugo, Los",4.7 de 5 estrellas,260.0
Un Obsequio para el Alma,4.5 de 5 estrellas,71.20
No sé cómo mostrar dónde me duele TD,4.8 de 5 estrellas,238.80
"Si lo crees, lo creas",4.8 de 5 estrellas,287.10
Cuentos y Poemas. Edgar Allan Poe,4.7 de 5 estrellas,144.0
Cuando no queden más estrellas que contar,4.7 de 5 estrellas,378.0
El Principito (Edición Bilingüe. Español-Francés): Le Petit Prince,4.8 de 5 estrellas,132.0
Mis días en la Librería Morisaki,4.4 de 5 estrellas,195.0
Punto y coma. El emotivo relato de una psicóloga con depresión,4.1 de 5 estrellas,168.0
"Naomi Novik BOX SET Trilogía ""Escolomancia""",5.0 de 5 estrellas,945.0
El libro negro del Vaticano,4.5 de 5 estrellas,306.0
Genealogía de la Moral,4.8 de 5 estrellas,30.0
Descubre a los mejores amigos,4.7 de 5 estrellas,199.0
Cuando mamá lastima,4.6 de 5 estrellas,329.0
"J.R.R. Tolkien 4-Book Boxed Set: The Hobbit and the Lord of the Rings: The Hobbit, the Fellowship of the Ring, the Two Towers, the Return of the King",4.8 de 5 estrellas,444.37
La disciplina marcará tu destino. El poder del autocontrol,4.7 de 5 estrellas,369.0
Esencialismo. Logra el máximo de resultados con el mínimo esfuerzo,4.7 de 5 estrellas,199.0
La Divina Comedia,4.6 de 5 estrellas,78.0
"Born to Run: A Hidden Tribe, Superathletes, and the Greatest Race the World Has Never Seen",4.7 de 5 estrellas,309.63
El Extranjero,4.6 de 5 estrellas,45.0
"Psicología oscura: Una guía esencial de persuasión, manipulación, engaño, control mental, negociación, conducta humana, PNL y guerra psicológica",4.6 de 5 estrellas,199.0
¡Sin Pretextos: Cambia El Pero por El Puedo,4.7 de 5 estrellas,82.17
La mujer que soy,4.6 de 5 estrellas,329.0
AL FINAL MUEREN LOS DOS (MEX),4.6 de 5 estrellas,245.0
